criterion,weight,direction
C1,0.2583127416872584,benefit
C2,0.2583127416872584,benefit
C3,0.09970490029509972,benefit
C4,0.11390588609411391,benefit
C6,0.056102943897056105,benefit
C7,0.09975490024509975,cost
C8,0.11390588609411391,cost
